id,name,gender
1072584,"Jackson, Roger",m
2049627,"Schreiber, Liev",m
3649447,"Rutherford, Kelly",f
3825023,"Toussaint, Beth",f
607316,"Dourdan, Gary",m
2145993,"Smith, Soloman K.",m
3426287,"Moore, Kenya",f
3513128,"Palmer, Gretchen",f
523435,"David, Keith",m
581911,"Diesel, Vin",m
951580,"Hauser, Cole",m
3413531,"Mitchell, Radha",f
606633,"Douglas, Michael",m
608635,"Downey Jr., Robert",m
1402001,"Maguire, Tobey",m
3375959,"McDormand, Frances",f
837734,"Goldblum, Jeff",m
2495559,"Wood, Elijah",m
2532241,"Zahn, Steve",m
3076964,"Hayek, Salma",f
278679,"Brisbin, David",m
718017,"Finney, Albert",m
2875249,"Didawick, Dawn",f
3619702,"Roberts, Julia",f
1329956,"Li, Jet",m
2427896,"Washington, Isaiah",m
2494359,"Wong, Russell",m
2557253,Aaliyah,f
238391,"Bon Jovi, Jon",m
1167048,"Keitel, Harvey",m
1480185,"McConaughey, Matthew",m
1760831,"Paxton, Bill",m
1351913,"Lodge, David",m
1739265,"Papenbrook, Bob",m
2076540,"Seth, Joshua",m
3405985,"Miller, Lara Jill",f
1060304,"Irons, Jeremy",m
1761219,"Payne, Bruce",m
2433640,"Wayans, Marlon",m
2452267,"Whalin, Justin",m
1793283,"Phillippe, Ryan",m
1929540,"Robbins, Tim",m
2805709,"Cook, Rachael Leigh",f
2961547,"Forlani, Claire",f
1014988,"Hopkins, Anthony",m
1342347,"Liotta, Ray",m
1698048,"Oldman, Gary",m
3426176,"Moore, Julianne",f
810424,"Germann, Greg",m
1061413,"Isaacs, Jason",m
1892087,"Reeves, Keanu",m
3807179,"Theron, Charlize",f
470697,"Costner, Kevin",m
1983799,"Russell, Kurt",m
2131839,"Slater, Christian",m
2816072,"Cox, Courteney",f
353718,Carman,m
1671991,"Nouri, Michael",m
2472056,"Williams, Jeremy",m
3339939,"Manterola, Patricia",f
283459,"Brooks, Avery",m
313166,"Burns, Edward",m
542238,"De Niro, Robert",m
861346,"Grammer, Kelsey",m
713207,"Fiennes, Joseph",m
938435,"Harris, Ed",m
1290791,"Law, Jude",m
3898471,"Weisz, Rachel",f
277808,"Brimley, Wilford",m
290614,"Brown, Matthew A.",m
630173,"Dutcher, Richard",m
3431089,"Morgan, Carrie",f
396877,"Cheadle, Don",m
1069742,"Jackman, Hugh",m
2312401,"Travolta, John",m
2665816,"Berry, Halle",f
128645,"Baldwin, Alec",m
316365,"Buscemi, Steve",m
1907368,"Rhames, Ving",m
3900269,"Wen, Ming-Na",f
485553,"Cronin, Jonathan",m
830152,"Glauser, Michael",m
1405458,"Mainwaring, Cameron",m
2605571,"Armstrong, Brittany",f
1253701,"Kutcher, Ashton",m
1483828,"McDermott, Dylan",m
2355195,"Van Der Beek, James",m
498094,"Curtis, Cliff",m
1229838,"Koteas, Elias",m
2055016,"Schwarzenegger, Arnold",m
3464199,"Neri, Francesca",f
1206315,"Klein, Chris",m
1348041,"LL Cool J",m
1900518,"Reno, Jean",m
3632088,"Romijn, Rebecca",f
225389,"Bleek, Memphis",m
520603,"Dash, Damon",m
2108815,"Sigel, Beanie",m
2166109,"Sparks, Omillio",m
665569,"Epps, Mike",m
724992,"Flanagan, Tommy",m
1049512,"Ice Cube",m
2769988,"Chaplin, Carmen",f
618247,"Duchovny, David",m
1158040,"Katt, Nicky",m
3191522,"Keener, Catherine",f
3373644,"McCormack, Mary",f
1297720,"Leary, Denis",m
1309137,"Leguizamo, John",m
1953875,"Romano, Ray",m
2392683,"Visnjic, Goran",m
1817602,"Pollak, Kevin",m
1856129,"Quinn, Aidan",m
2276255,"Thomas, Eddie Kaye",m
3120951,"Hunt, Bonnie",f
2454190,"Whitaker, Forest",m
2520743,"Yoakam, Dwight",m
2963551,"Foster, Jodie",f
3763705,"Stewart, Kristen",f
1335137,"Lillard, Matthew",m
1839848,"Prinze Jr., Freddie",m
2746767,"Cardellini, Linda",f
2997171,"Gellar, Sarah Michelle",f
61523,"Anderson, Anthony",m
1681146,"O'Connell, Jerry",m
2411110,"Walken, Christopher",m
3890203,"Warren, Estella",f
621487,"Duke, Bill",m
702631,"Feore, Colm",m
1292135,"Lawrence, Martin",m
1273531,"Landes, Michael",m
1726318,"Paetkau, David",m
2805154,"Cook, A.J.",f
3257358,"Larter, Ali",f
386263,"Chan, Jackie",m
721841,"Fisher, Tom",m
2260528,"Taylor-Johnson, Aaron",m
2481470,"Wilson, Owen",m
17838,"Affleck, Ben",m
623809,"Duncan, Michael Clarke",m
692749,"Farrell, Colin",m
2991079,"Garner, Jennifer",f
591435,DMX,m
3116114,"Hu, Kelly",f
511361,"Daly, Tim",m
1072668,"Jackson, Samuel L.",m
3471294,"Nielsen, Connie",f
719241,"Firth, Colin",m
2613454,"Atkins, Eileen",f
2731923,"Bynes, Amanda",f
3568607,"Preston, Kelly",f
755967,"Freeman, Morgan",m
2284269,"Thornton, Billy Bob",m
2899766,"Dunst, Kirsten",f
3121684,"Hunter, Holly",f
1808442,"Pitt, Brad",m
3544742,"Pfeiffer, Michelle",f
3951524,"Zeta-Jones, Catherine",f
96585,"Ashker, John",m
172359,"Beesley, Max",m
455857,"Cook, Dane",m
225715,"Bleu, Corbin",m
2274023,"Thieriot, Max",m
2647481,"Beals, Jennifer",f
630676,"Dutton, Charles S.",m
665574,"Epps, Omar",m
2082212,"Shalhoub, Tony",m
3650577,"Ryan, Meg",f
2149685,"Snoop Dogg",m
2197978,"Stiller, Ben",m
2476125,"Williamson, Fred",m
1606367,"Muniz, Frankie",m
3747431,"Spearritt, Hannah",f
3762843,"Stevenson, Cynthia",f
339013,"Campbell, Jeremie",m
1190192,"Kilmer, Val",m
1374719,"Luke, Derek",m
3805632,"Texada, Tia",f
1792455,"Phifer, Mekhi",m
2436599,"Weber, Jake",m
3558986,"Polley, Sarah",f
277151,"Bright, Cameron",m
1198397,"Kinnear, Greg",m
878356,"Griffiths, Richard",m
1860883,"Radcliffe, Daniel",m
2946264,"Ferris, Pam",f
3704908,"Shaw, Fiona",f
565786,"Depp, Johnny",m
987727,"Highmore, Freddie",m
1170039,"Kelly, David",m
2689164,"Bonham Carter, Helena",f
322458,"Byrne, Gabriel",m
720541,"Fishburne, Laurence",m
952910,"Hawke, Ethan",m
2655416,"Bello, Maria",f
602906,"Dorff, Stephen",m
2329949,"Turner, Frank C.",m
3599993,"Reid, Tara",f
2430898,"Watson, Barry",m
2867955,"Deschanel, Emily",f
3373136,"McCole Bartusiak, Skye",f
3447369,"Mussett, Tory",f
1021526,"Hounsou, Djimon",m
1260631,"LaBeouf, Shia",m
515252,"Daniels, Jeff",m
1463669,"Matthews, Dave",m
3618428,"Robb, AnnaSophia",f
3838861,"Tyson, Cicely",f
99457,"Astin, Sean",m
461637,"Corbett, John",m
2277581,"Thomas, Marcus",m
3730286,"Smart, Amy",f
377600,"Cedric the Entertainer",m
2369664,"Vaughn, Vince",m
3813562,"Thurman, Uma",f
263611,"Bradshaw, Terry",m
2558605,"Abdul, Paula",f
2681348,"Bliss, Lucille",f
2823711,"Cruz, PenÃ©lope",f
733545,"Foley, Macka",m
749056,"Franco, James",m
1747719,"Parrack, Jim",m
2408311,"Wahlberg, Donnie",m
1323070,"Levi, Zachary",m
3301462,"Long, Nia",f
3571456,"Procter, Emily",f
2654869,"Belle, Camilla",f
2757658,"Cassidy, Katie",f
3811626,"Thompson, Tessa",f
872868,"Greenwood, Bruce",m
2413133,"Walker, Paul",m
2682129,"Bloodgood, Moon",f
2819679,"Crewson, Wendy",f
1216582,"Kodjoe, Boris",m
1781042,"Perry, Tyler",m
2340377,"Underwood, Blair",m
3907210,"Whitfield, Lynn",f
68671,"Andrieu, Sebastien",m
406221,"Chinlund, Nick",m
3168573,"Jovovich, Milla",f
499028,"Cusick, Henry Ian",m
651056,"El-Balawi, Beans",m
3134858,"Isitt, Kate",f
3425734,"Moore, Demi",f
350376,"Carell, Steve",m
2083024,"Shandling, Garry",m
2476829,"Willis, Bruce",m
3783897,"Sykes, Wanda",f
562270,"Dempsey, Patrick",m
831209,"Glenn, Scott",m
3756760,"Staunton, Imelda",f
3781744,"Swank, Hilary",f
973296,"Henson, Darrin Dewitt",m
1637467,Ne-Yo,m
2102051,"Short, Columbus",m
3019879,"Good, Meagan",f
715492,"Fillion, Nathan",m
2125863,"Sisto, Jeremy",m
3097703,"Hines, Cheryl",f
3648407,"Russell, Keri",f
337981,"Campbell, Adam",m
1771318,"Penn, Kal",m
2806255,"Coolidge, Jennifer",f
3368894,"Mays, Jayma",f
2275105,"Thomas, Aaran",m
2338959,"Ulliel, Gaspard",m
3017359,"Gong, Li",f
3788413,"TachovskÃ¡, Helena-Lia",f
458558,"Cooper, Chris",m
2871653,"Dhavernas, Caroline",f
3292476,"Linney, Laura",f
755909,"Freeman, Martin",m
1658441,"Nighy, Bill",m
1767026,"Pegg, Simon",m
1823127,"Popper, Robert",m
642688,"Edwards, Anthony",m
901175,"Gyllenhaal, Jake",m
1978197,"Ruffalo, Mark",m
45899,"Allen, Tim",m
1395789,"Macy, William H.",m
312142,"Burn, Scott",m
782027,"Gamble, Ken",m
3249812,"Lamont, Ceilidh",f
133985,"Banderas, Antonio",m
925935,"Hanks, Colin",m
2678332,"Blair, Selma",f
1542279,"Miller, T.J.",m
2177227,"Stahl-David, Michael",m
2745228,"Caplan, Lizzy",f
3310162,"Lucas, Jessica",f
1584763,"Morgan, Tracy",m
2472635,"Williams, Katt",m
2870323,"Devine, Loretta",f
310310,"Burke, Billy",m
486691,"Cross, Joseph",m
3251912,"Lane, Diane",f
176713,"Bell, Jamie",m
412301,"Christensen, Hayden",m
2672983,"Bilson, Rachel",f
416857,"Church, Thomas Haden",m
1853425,"Quaid, Dennis",m
3509936,"Page, Ellen",f
3520350,"Parker, Sarah Jessica",f
319124,"Butler, Gerard",m
353746,"Carman, Michael",m
2706646,"Breslin, Abigail",f
408123,"Cho, John",m
450680,"Conley, Jack",m
462304,"Corddry, Rob",m
