	movie_ids
0	10143
1	10156
2	10157
3	10165
4	10227
5	10234
6	10241
7	3189
8	3216
9	3233
10	3323
11	3324
12	3366
13	3447
14	3467
15	3854
16	3906
17	3961
18	4057
19	4064
20	4075
21	4076
22	4132
23	4133
24	4152
25	4252
26	4354
27	4681
28	4869
29	4999
30	5000
31	5078
32	5123
33	5161
34	5171
35	5217
36	5293
37	5324
38	5915
39	6057
40	6058
41	6087
42	6097
43	6163
44	6166
45	6185
46	6425
47	6427
48	7062
49	7202
50	7212
51	7232
52	7235
53	7247
54	7249
55	7320
56	7755
57	8779
58	8860
59	8865
60	8901
61	8902
62	8930
63	8935
64	8939
65	8978
66	9417
67	9419
68	9420
69	9432
70	9438
71	9441
72	9443
73	9480
74	9514
75	9739
76	9753
77	9775
78	9779
79	9797
80	9807
81	9816
82	9818
83	9821
84	9833
