	user_ids
0	1008
1	1018
2	1021
3	1026
4	1027
5	1030
6	1033
7	1035
8	1041
9	1045
10	1047
11	1052
12	1053
13	1055
14	1060
15	1063
16	1064
17	1065
18	1068
19	1072
20	1075
21	1077
22	1085
23	1090
24	1093
25	1099
26	1101
27	1105
28	1111
29	1112
30	1118
31	1122
32	1127
33	1131
34	1132
35	1135
36	1139
37	1140
38	1151
39	1154
40	1158
41	1160
42	1163
43	1168
44	1169
45	1173
46	1174
47	1177
48	1178
49	1186
50	1197
51	1198
52	12
53	1202
54	1203
55	1208
56	1209
57	1214
58	1218
59	1219
60	122
61	1220
62	1223
63	1224
64	1229
65	123
66	1230
67	1231
68	1235
69	1236
70	1237
71	124
72	1245
73	1248
74	125
75	1252
76	1256
77	1259
78	126
79	1262
80	1263
81	1267
82	127
83	1270
84	1271
85	1277
86	1278
87	1281
88	1282
89	1287
90	1288
91	1289
92	129
93	1293
94	1294
95	1297
96	13
97	1301
98	1302
99	1304
100	1313
101	1318
102	1320
103	1321
104	1322
105	1323
106	1326
107	1327
108	1328
109	1333
110	1334
111	1336
112	1354
113	1355
114	1360
115	1361
116	1367
117	137
118	1373
119	1374
120	1377
121	1378
122	1383
123	1387
124	1388
125	139
126	1391
127	1392
128	1393
129	1395
130	1397
131	1398
132	14
133	1403
134	1406
135	1407
136	1408
137	1410
138	1412
139	1413
140	1417
141	1418
142	1419
143	1423
144	1424
145	1427
146	143
147	1432
148	1434
149	1435
150	1436
151	1439
152	144
153	1440
154	1441
155	1442
156	1445
157	1446
158	1449
159	1450
160	1454
161	1460
162	1466
163	1467
164	1478
165	1479
166	1480
167	1483
168	1484
169	1485
170	1488
171	1489
172	149
173	1490
174	1496
175	1499
176	1500
177	1503
178	1504
179	1510
180	1514
181	1519
182	1520
183	1527
184	1530
185	1532
186	1536
187	1537
188	154
189	1541
190	1545
191	1546
192	1547
193	155
194	1552
195	1557
196	1559
197	1562
198	1564
199	1566
200	1567
201	1568
202	1569
203	1571
204	1573
205	1581
206	1582
207	1587
208	1590
209	1593
210	1597
211	160
212	1606
213	1609
214	161
215	1611
216	1612
217	1617
218	1618
219	1619
220	162
221	1620
222	1621
223	1629
224	1632
225	1639
226	1640
227	1644
228	1645
229	1649
230	1650
231	1651
232	1652
233	166
234	1663
235	1668
236	1669
237	1672
238	1674
239	169
240	1690
241	1695
242	1697
243	17
244	1704
245	1705
246	1709
247	171
248	1713
249	1718
250	1724
251	1725
252	1728
253	1741
254	1745
255	1746
256	1749
257	175
258	1750
259	1751
260	1754
261	1755
262	1756
263	1763
264	1770
265	1771
266	1774
267	1775
268	1781
269	1786
270	1787
271	179
272	1791
273	1792
274	1793
275	1796
276	18
277	1800
278	1805
279	1811
280	1817
281	1818
282	182
283	1823
284	1828
285	1832
286	1834
287	1839
288	1841
289	1849
290	1852
291	1854
292	1857
293	1858
294	1860
295	1861
296	1862
297	1866
298	1869
299	187
300	1870
301	1871
302	1876
303	1879
304	1880
305	1885
306	1888
307	1891
308	1892
309	190
310	1903
311	1904
312	1908
313	1915
314	1918
315	192
316	1922
317	1925
318	1926
319	1929
320	1930
321	1932
322	1936
323	1937
324	1945
325	195
326	1954
327	1955
328	1959
329	1960
330	1964
331	1965
332	1966
333	1973
334	1974
335	1976
336	1977
337	198
338	1981
339	1987
340	1988
341	1992
342	1993
343	2012
344	2013
345	2017
346	2018
347	2023
348	2028
349	2029
350	2032
351	2034
352	2038
353	2039
354	2044
355	2045
356	2050
357	2052
358	2053
359	2057
360	2059
361	2064
362	2069
363	2070
364	2072
365	2073
366	2083
367	2084
368	2091
369	2094
370	2096
371	2097
372	2101
373	2102
374	2107
375	2108
376	2117
377	212
378	2122
379	2124
380	2128
381	213
382	2131
383	2134
384	2137
385	214
386	215
387	2154
388	216
389	2160
390	2161
391	2162
392	2167
393	2168
394	2170
395	2174
396	2178
397	2179
398	2185
399	2186
400	2192
401	2204
402	2213
403	2214
404	2215
405	2218
406	222
407	2228
408	2229
409	2233
410	2237
411	2238
412	2250
413	2251
414	2254
415	2258
416	226
417	2262
418	2265
419	2269
420	2270
421	2276
422	2281
423	2282
424	2284
425	2287
426	2291
427	2294
428	230
429	2306
430	2307
431	2308
432	2314
433	2315
434	2319
435	2320
436	2324
437	2325
438	2326
439	2330
440	2331
441	2336
442	2339
443	234
444	2340
445	2342
446	2344
447	235
448	2350
449	2356
450	2357
451	2359
452	2361
453	2366
454	2368
455	2369
456	2376
457	2377
458	238
459	2382
460	2385
461	2388
462	2395
463	2398
464	2400
465	2402
466	2405
467	2406
468	2407
469	2409
470	2414
471	2424
472	2425
473	2426
474	2428
475	2429
476	2432
477	2433
478	2434
479	2435
480	2438
481	2446
482	2448
483	2455
484	246
485	2461
486	2463
487	2467
488	2468
489	2469
490	2470
491	2471
492	2477
493	2480
494	2484
495	2486
496	2487
497	249
498	2491
499	2492
500	2496
501	2499
502	2500
503	2504
504	2505
505	2507
506	2510
507	2513
508	2515
509	2517
510	2521
511	2522
512	2523
513	2527
514	2528
515	253
516	2534
517	2535
518	2536
519	254
520	2542
521	2544
522	2545
523	2548
524	2552
525	2555
526	2556
527	2558
528	2563
529	2570
530	2571
531	2573
532	2574
533	2584
534	2588
535	259
536	2590
537	2591
538	2592
539	2593
540	2596
541	2597
542	2601
543	2602
544	2612
545	2619
546	262
547	2624
548	2625
549	263
550	2632
551	2633
552	2634
553	2641
554	2643
555	2647
556	2650
557	2652
558	2653
559	2657
560	2661
561	2662
562	267
563	2675
564	2676
565	2678
566	2679
567	2680
568	2681
569	2685
570	2686
571	2692
572	2696
573	2698
574	2706
575	2710
576	2711
577	2714
578	2716
579	272
580	2720
581	2723
582	2727
583	2728
584	2734
585	2735
586	2736
587	2747
588	275
589	2752
590	2753
591	2756
592	276
593	2763
594	2765
595	2770
596	2776
597	2783
598	2784
599	2785
600	279
601	2790
602	2792
603	2793
604	2795
605	2796
606	280
607	2800
608	2801
609	2802
610	2805
611	2809
612	2810
613	2811
614	2812
615	2813
616	2818
617	2820
618	2823
619	2824
620	2829
621	2835
622	2841
623	2848
624	2852
625	2853
626	2857
627	2858
628	2859
629	2861
630	2862
631	2863
632	2865
633	2867
634	2872
635	2878
636	2879
637	2883
638	2885
639	2888
640	289
641	2890
642	2891
643	2892
644	2895
645	2896
646	29
647	2900
648	2904
649	2906
650	2909
651	291
652	2910
653	292
654	2920
655	2925
656	2929
657	2930
658	2936
659	2940
660	2945
661	2949
662	2950
663	2952
664	2955
665	2956
666	2957
667	296
668	2964
669	2969
670	298
671	2983
672	2984
673	2987
674	2989
675	2991
676	2992
677	2996
678	3
679	3004
680	3005
681	3006
682	301
683	3010
684	3015
685	3016
686	3017
687	3019
688	302
689	3022
690	3027
691	303
692	3030
693	3032
694	3033
695	3034
696	3039
697	304
698	3041
699	3043
700	3044
701	3045
702	3046
703	3048
704	3050
705	3054
706	3055
707	3056
708	3057
709	3061
710	3063
711	3067
712	307
713	3073
714	3084
715	3086
716	3089
717	3090
718	3091
719	3092
720	310
721	3102
722	3103
723	3104
724	3106
725	3109
726	3110
727	3112
728	3113
729	3114
730	3115
731	3116
732	3117
733	3119
734	3126
735	3138
736	314
737	3144
738	3146
739	3147
740	3148
741	3149
742	3152
743	3154
744	3159
745	3163
746	3164
747	3170
748	3171
749	3174
750	318
751	3180
752	3182
753	3186
754	3187
755	3189
756	3190
757	3191
758	3197
759	3202
760	3203
761	3204
762	3207
763	3215
764	3219
765	3220
766	3221
767	3222
768	3223
769	3228
770	3229
771	323
772	3230
773	3235
774	3239
775	324
776	3244
777	3245
778	3246
779	3247
780	325
781	3257
782	3259
783	3263
784	3264
785	3265
786	3266
787	330
788	331
789	335
790	336
791	34
792	346
793	347
794	348
795	35
796	351
797	353
798	354
799	358
800	359
801	36
802	368
803	372
804	38
805	380
806	386
807	387
808	388
809	389
810	390
811	396
812	401
813	402
814	407
815	414
816	419
817	424
818	426
819	429
820	431
821	434
822	435
823	438
824	439
825	440
826	449
827	45
828	450
829	451
830	452
831	458
832	459
833	463
834	465
835	469
836	47
837	476
838	477
839	480
840	481
841	482
842	487
843	491
844	493
845	496
846	497
847	498
848	502
849	503
850	508
851	509
852	51
853	516
854	524
855	529
856	53
857	532
858	533
859	535
860	543
861	545
862	546
863	552
864	554
865	555
866	558
867	559
868	561
869	571
870	572
871	573
872	579
873	587
874	591
875	592
876	6
877	600
878	603
879	608
880	616
881	621
882	622
883	627
884	632
885	633
886	635
887	637
888	639
889	649
890	650
891	657
892	658
893	659
894	660
895	666
896	667
897	668
898	672
899	675
900	681
901	683
902	688
903	691
904	696
905	697
906	699
907	7
908	70
909	704
910	705
911	711
912	714
913	716
914	723
915	728
916	73
917	736
918	742
919	745
920	746
921	75
922	750
923	754
924	767
925	772
926	779
927	78
928	783
929	784
930	786
931	788
932	793
933	794
934	798
935	8
936	803
937	804
938	805
939	809
940	81
941	815
942	817
943	818
944	819
945	82
946	820
947	821
948	825
949	826
950	833
951	837
952	841
953	857
954	859
955	860
956	861
957	867
958	869
959	87
960	874
961	88
962	883
963	886
964	887
965	890
966	893
967	894
968	902
969	906
970	909
971	912
972	915
973	921
974	922
975	925
976	928
977	935
978	936
979	940
980	949
981	954
982	958
983	96
984	962
985	964
986	966
987	967
988	97
989	971
990	972
991	974
992	980
993	983
994	985
995	988
996	99
997	993
998	994
999	998
